text,true_label,predicted_label
دکمه آیپاد شافل نوع طراحی‌شده‌اند شما بعد مدت استفاده دیگر نیاز ندارید دکمه نگاه کنید آن استفاده کنید .,Positive,Neutral
هر برنامه باز خواستید خیال راح بریزید اجرا مطمئن هستید .,Neutral,Positive
حال پایین نگه‌داشتن قیم ، سع شده ظاهر ، کنترل پنل کانکشن ساده باشند .,Neutral,Positive
•طراح طراح گوش شباه بسیار گوش زیبا Xperia arc دارد ، طور قسم پشت دستگاه دارا انحنا بوده ضخام قسم میان ک بالا پایین گوش .,Neutral,Positive
سلا دوس ، من ۹ سال Qteck htc دا قبل گوش منتقد جد اپل بود عید امسال گوش رو گرف واقعا اشتبا پ برد .,Neutral,Positive
) امتیاز ۱۰ حقشه یکم چشم‌پوش ایرادا جزئ .,Positive,Negative
البته فوکوس راه لمس اشیا صفحه ال سی‌د انجا می‌شود ول بعض مواقع اشیا آنقدر کوچک هستند قابل‌لمس انگ نیستند .,Neutral,Negative
واقعا لپ‌تاپ خوب هست ول هر چ می‌گرد نمی‌تون درایور finger print رو پیدا بکن سا hp دانلود نمیشه .,Neutral,Positive
محصولات نظر کیف واقعا حرف گفتن دارن .,Neutral,Positive
برتری xperia v نسب tx بلوتوث ۴ ضد اب بودن Sony Mobile BRAVIA Engine ۲ دوا باتر ب وزن ک سایز مناسب صدا اسپیکر به تراک پیکسل بالا,Neutral,Positive
نسل بعد Snapdragon S ۴ Prime تازه حد Exynos ۵ هس مقابل Exynos ۶ هیچ نیس .,Neutral,Positive
خصوص اینکه قسم استراح مچ پ درب ، طراح الگو دار نیز دارد سطح کاملا صیقل مواجه نباش .,Neutral,Positive
. خرید ۵ میتون vita باز یه دستگاه دیگه بخر,Negative,Neutral
حرف صورت درسته دسترس ن پرسرع نباشه صور دیوایس آندروید امکاناتشون تو ایر کارا نداره .,Neutral,Negative
نظر من گوش خوب من لومیا ۹۲۰ ترجیح می‌ده,Neutral,Negative
پردازنده ۴ هسته اون ۲ ٫ ۵ گیگاهرتز ر اون DDR ۳ هست USB ۳ داره .,Positive,Neutral
• کیبورد تاچ پدبه لطف بدنه عریض لپ‌تاپ ، Acer کیبورد بزرگ همراه بخ عدد جداگانه رو سر E ۱ - ۵۳۱ قرار داده_اس .,Positive,Neutral
البته باعث می‌شود هنگا استفاده گوش نگران کمتر مراقب داشته_باشید هر صور سن همیشگ محک قابل‌اعتماد بودن گوشی نوکیا گوش استفاده‌شده .,Positive,Neutral
محض اینکه نخستین بار دستگاه روشن کردید فرایند خودکار پیکربند اجرا می‌کند حدود دقیقه طول می‌انجامد .,Positive,Neutral
اکسپریا ر بدنه باریک بسیار شیک داره عین حال باید محافظ بسیار کرد دلیل این‌که :۱ - لنز دوربین هیچ محافظ ندارد .,Positive,Negative
بالاخره وقت همه شرکت رو محصولاتشون کابل ار دار میذارن فکر خنث کردن نوس هستن دیگه خیل مشکل‌ساز نیس .,Neutral,Positive
دستگاه ps ۳ رقاب می‌کند ول قیم پایین‌تر دارد,Positive,Neutral
نظر من اپل دیگه دوره سر رسیده قرار خریدن گوش امک بالا باشه اس ۳ انتخاب بهتر هس باز قرار خرید سیستم‌عامل عال باشه باز آندرید بهتره کیف صفحه نما باز اس ۳ بهتره,Negative,Positive
محیط کاربر دوربین Xperia ray دقیقا مشابه مدل Xperia arc قابلیت امک نسبتا زیاد مجهز .,Positive,Neutral
۲ ایراد بد داره ۱: کمینه دیافراگم خیل زیاده نوع لنز کنده ۲: استایل تو دس خوب نداره ، دوربین تو دست نیس نظر داشته باشین کانن تو ایزو بالا تو رنج به فوج نیکون عمل میکنه,Neutral,Negative
کیف عکس معمولیه فوق‌العاده نیس .,Neutral,Negative
ول مبلغ گزینه بهتر هس .,Neutral,Positive
سرع فوکوس خودکار نیز چه مود Live view هنگا فیلم‌بردار چه غیر فوق‌العاده مثال زدن .,Positive,Neutral
البته اون زمان من خرید قیم گوش ارزون,Neutral,Negative
عکس دوربین میگیره حساس بالا سنسور نویز بسیار ک هم‌چنین سرع بالا همه باعث می‌شه خیل زود عاشق بش ضعف همون فیل بردار هس رو تقریبا فرامو کنید .,Positive,Negative
اکسپریا T ۱۰ انگ ساپور میکنه خود تس کرد گرچه اصلا کار نمیاد ۱۰ انگ,Positive,Negative
آقا Steve Jobs معرف دستگاه درباره کیف نمایشگر صحب کرد ادعا کرد کیف کیف چ انس می‌رسد .,Positive,Neutral
عاشق ال ج هرچ بسازه ول طراح گوش مشکل دار .,Neutral,Negative
محبوب باز حال گوشی هوشمند پر طرفدار .,Neutral,Positive
هیچ مشکل آنتن ده وجود نداره رفتن Setting About Phone تاچ رو Status انتخاب سیم‌کار ، میز دریاف فرکانس آنتن شما داده میشه .,Neutral,Positive
وجود ، علاقه مند دنیا موسیق فیل ، به هدفون بلندگو خارج استفاده کنند .,Neutral,Positive
بسیار برنامه اصل گوگل نظیر جستجو صوت ، نقشه ، ایمیل .,Neutral,Positive
عنو مثال سیس شما ویروس باشد دچار مشکل رجیستر باشد نتوانید Net Framework نصب کنید نتیجه قادر نخواهید_بود اصولا اتور مجموعه ببینید درنتیجه قادر نصب هیچ برنامه دیگر رو د و دی نخواهید_بود .,Neutral,Negative
JVC GZ-MG ۳۳۵ ، مجهز تنظ پ تعیین‌شده مثل تنظ سفید حالت مختلف ، حالت تصویربردار پ تنظیم‌شده ، مثل ساحل ، نور شمع ، طلوع غروب آفتاب ، آتش‌باز ، منظره ، ورز .,Positive,Neutral
گوش خیل خوب هس لحاظ قیم لحاظ به بودن نسب t tx ول نظر من یه مشکل کوچک داره ، اندازه گوش نسب صفحه نما اون کم بزرگ هس فاصله بالا گوش بالا صفحه نما کم زیاد هست,Neutral,Negative
"میتونین اتصال گوشیتون کامپیو دوبار کلیک کردن رو فایل نصب برنامه , براحت برنامه تون رو نصب کنید .",Positive,Neutral
قدر متوسط سخ افزار گوش اجرا فرامین کاربر کاف هستند .,Neutral,Negative
باشید همین طور بی‌دلیل روشن نذارید باشه,Neutral,Negative
کلا من دوربین کانن دار سامسونگ دا تو رنج قیم کم بالا کانن بخرید خیل بهتره حت توانا ک باشه .,Negative,Positive
البته ارزش ب هاس !,Positive,Negative
نه‌تن دوربین تبل فوکوس ثاب می‌کند بلکه نیز مجهز همین عکس گرفته‌شده کم‌نور ، پایین حد متوسط بوده زیاد دارند,Negative,Positive
زو بالا شاید هیچ وق بدردتون نخوره شما همیشه سه پایه دنبالتون نیس .,Neutral,Positive
قابل کارکرد تن نانو سیم‌کار ( NanoSIM Card Support Only ) توجه این‌که ما مخابر ایر تکنولوژ سیم‌کار نانو ندار !,Neutral,Negative
پول میتونید تبل خوب داشته_باشید یه گوش خیل خوب .,Negative,Positive
سلا دوس gpu کار رفته گوش نوع adreno ۲۰۰ می‌باشد ، نرم‌افزار آن تس گرف cpu : cortex a ۵ ۱ ghz ram : ۷۶۸ gpu : adreno ۲۰۰ ---------- یه e dual مقایسه کرد ، بزرگ صفحه e dual بهتره ک برد e dual اس اس زدن راحت ، ول کیف تاچ رنگ لعاب صفحه نما young به ضمن منو e dual نظر خیل ساده young ( young ب خو اومد ) ---------------------,Neutral,Positive
نظر کیف عکس فیل هرچند سنسور تصویر ه ول انتظار دار پیشرفت رخ‌داده باشد .,Positive,Negative
گلکس اس ۲ شیک بودن حرف اون مقدار توجه آمدن cpu ۲ هسته ۱ ٫ ۴ هسته حرف چندان نمی‌تواند بزند نظر دوربین بد یک نویز داره ول نسب گوشی قیم میشه میتونه جا باز ول نظر اپد : میدونید گوش اندروید ٫ خیلی مایل اپدیت هستن مورد باید بگ اپد می‌کنید گوش مقدار انجا برنامه هنگ داره وقت کار گرافیک گوش انجا می‌دهید پر صفحه کاملا ول کل بگ اگه میخواید گوش رو بخرید بهتره یه سر xperia xperia acro s خودتون مقایسه کنید .,Negative,Neutral
اکتبر ۲۰۰۷ طور انبوه عرضه .,Positive,Neutral
گوش خوبیه من شخصا انتظار یه گوش به رو دا ۱.,Neutral,Positive
من اپل ول گوش حال گرفته_شد : ( ۱ ساله بگیرم .,Negative,Neutral
قیم بالا نمیتونه نقطه‌ضعف باشه همیشه باید داشتن بهترینا ، هزینه بیشتر داد,Positive,Negative
تن تفاو HS ۹۰۰ SD ۹۰۰ دوربین دیگر پاناسونیک هس نیز SD ۹۰۰ حافظه داخل ندارد .,Neutral,Negative
بعلاوه نمایشگر ۳ اینچ نیز نوع لمس Resistive .,Positive,Neutral
این مواردیس باعث می‌گردد Note ۸ نیز همانند مدل بزرگ یعن Note ۱۰ ٫ ۱ یک به انتخاب طراح تبدیل گردد .,Positive,Neutral
ول اکنون گوشی هوشمند نسب چه سال ۲۰۱۰ بوده‌اند بزرگ شده‌اند ۳ ٫ ۵ اینچ نظر می‌رسد بین آن . باشد کوچک,Negative,Neutral
گوش خوبیه ول نسب کارا به‌صرفه نیس,Neutral,Negative
Xperia V طور پیش‌فرض سیستم‌عامل اندروید نسخه ۴ ٫ ۰ استفاده می‌کند رابط کاربر انحصار سون مزین شده_اس .,Neutral,Positive
چشم دیجیتال من راضی‌کننده رو دوربین .,Negative,Positive
بعد اینکه مدت کار می‌کنید ، می‌بینید طور قبلا نظر می‌آمد نیس حس خوب خواهید_دا .,Positive,Negative
مورد ظاهر گوش مقایس نو ۲ برخلاف شما نمیخوا بگ بهتره اون نظر شخصیه جمله ظاهر نو ۲ مدل خیل بهتره وقت درسته شما هردو مدلو نزدیک ببینین نو ۲ ظاهر اس ۳ فرق می‌کرد جدید خلاقانه !,Neutral,Negative
باتر حد متوسطه گوش نمیشه گف سون قدرتمند کرده .,Negative,Positive
ضمن دلیل بهره‌گیر لرزش‌گیر اپتیکال تصویر Power O .,Neutral,Positive
کیف ساخت تکه .,Positive,Negative
قیمت دیج کالا میده قابل‌مقایسه بازار نیس سپاس فراو دیج کالا .,Neutral,Negative
یک‌بار شارژ کامل باتر استفاده مداو باتر ۳۸ ساع دوا آورد .,Positive,Neutral
سابقه کمپان ساخ گوش ، من خود طرفدار برند اسوس هس وقت پدفون رو تولید کرد واقعا لذ برد ول اکنون وق خرید اسمار فون اسوس سون نیس !,Negative,Positive
فقط فل هربار روشن کردن دوربین بیرون میاد کا امکانو زمان دوربین حال عکاس فل قرار میدادن .,Neutral,Negative
طراح ساخ باریک سبک iPhone تولید شده امروز .,Positive,Neutral
یک دیگه اخرشه .,Positive,Negative
شاید تن نقطه‌ضعف صفحه نما بتو زاویه دید عمود محدود دانس طور کم بالا پایین صفحه نگاه کنید ، اف چشمگیر کیف تصویر مشاهده خواهید_کرد .,Negative,Positive
اون اینه صفحه گوش حد اقل ۴ اینچ هیچ کدو گوشی سامسونگ پا نمیرسیدن .,Neutral,Negative
ضمن جاوا بودن افراد جوان فاصله گرفتند فرص گریز اندروید آ او اس ندارن ساده راح .,Positive,Negative
با کار کرد درسته داغ میکنه ول امکانات رو داره باید داغ کنه اگه این‌طور نباشه باید به شک کرد .,Neutral,Negative
البته به گوش آیفون پدیده کاملا جدید نیس ، بلکه همانطور گفت شانه پادشاه قبل یعن iPhone ۴ قرار گرفته_اس گو ۴ s فقط آپگرید رو iPhone ۴ می‌باشد .,Positive,Negative
من ۵ ماهه گوش دار واقعا از راض هس ، ، ، فقط بعض مواقع تو اجرا بازی ساده ک میاره ، ، ضمن دکمه بازگشت ، ، اگه زیاد با کار کن ، ، هنگ میکنه ، ، اندروید آپد کرد ، ، درس نشد,Neutral,Positive
جواب جناب بیگ زاده اشکال گرفتن نسخه شماره ۴ آندروید ، شما س کارت ایر امک استفاده wifi رو تنظ دلیل تحر حت رو حال پرواز ، باز گوش تشخیص می‌ده سیم‌کار شما ایر هس wifi رو .,Negative,Neutral
سخت‌افزار معرکه دا معرکه شده وجود ر ۲ گیگ دیگر آیفون رقاب خط خورد,Positive,Negative
نمیدون شاید نرم‌افزارتون خرابه شاید سخت‌افزار مشکل داره .,Neutral,Negative
دوربینیه عمر دید .,Neutral,Negative
همچنین ، گوش قابل پشتیبان Wi-Fi ، GPRS Edge داراس کاربر امک مرورگر اینترن نیز می‌دهد .,Positive,Neutral
ضمن M رده بدون آینه لنز قابل تعویض شیبه SLR نبود نوع Range Finder .,Neutral,Negative
البته پیشنهاد همه دوس اینکه حتما گوش رو سیم‌کار رایتل تس کنن لذ واقعیه کارکردن گوش رو بچشن .,Positive,Neutral
نظر ۳ - داره : ۱ مشکل دوربین فل نداره .,Negative,Positive
گوش شیک وباکلاس چند مشکل اساس داره اول اینکه آلمینیو دور گوش بعد ۱ ماه شروع دون دون شدن میشه تو لنز دوربین بعد استفاده چند ماه خاک گرفته میشه واین غیر عالیه تحمله مورد بعد اینکه رو صفحه نما پد حال خامو دوتا دایره اندازه استک جلب توجه میکنه من Asus PadFone ۲ کار کرد واقعا سرع فوق‌العاده داره کیف اون خیل خیل قابل,Negative,Positive
وضوح آیکون ویجت خیل .,Negative,Positive
وجود اینکه مایکروساف بصور سیستم تکنولوژی ClearType Optical Bonding جه نما به متون استفاده می‌نماید ، حال متون آیپد جدید خوانا به نما داده_می‌شوند .,Neutral,Positive
همین دلیل ، کاربر Sleekbook ز بیشتر صرف تمیز کردن نو بوک سپر خواهند_کرد .,Negative,Neutral
همینطور اپل برتری دیگه نسب گوشی اندروید داره یه سر برتری اندرویدی نسب اپل دارن مثلا باید واقع‌بین باش تو کشور ما نمیشه حت ۸۰ ٪امک نرم‌افزار اپل استفاده کرد تقریبا بسادگ میشه ۱۰۰ ٪امک گوشی اندروید لذ برد .,Neutral,Positive
یک به نقاط قوتشه ) -- دارا سیس امن نسبتا قو ( پسورد انتخاب شما ه میشه توسط دیگر قابل بازخوان نباشه .,Positive,Negative
وجود اینکه دق بالا ، نق مهم کیف صفحه نما باز می‌کند ، تکنولوژی دیگر استفاده‌شده صفحه نما Retina MacBook Pro باعث شده_اس کیف صفحه نما لپ‌تاپ ، اختلاف زیاد تما لپ‌تاپ موجود دنیا تاریخ ب شود .,Positive,Neutral
جذابیت فراو باعث گردیده تبل جالب تبدیل گردد ، هر حال باید بپذیر تجربه اول مایکروساف ، بدون نقص نیس باید منتظر انتشار تبلت بعد کمپان ( حداقل Surface Pro ) باش بتوان لذ داشتن تبلت-لپ تاپ نیز تجربه نما .,Negative,Positive
فقط ابعاد کوچیکتره .,Neutral,Positive
ظاهر مکعب کاملا حفظ‌شده .,Neutral,Positive
شاید صفحه نقطه‌ضعف تن نما بتو زاویه دید عمود محدود دانس طور کم بالا پایین صفحه نگاه کنید ، اف چشمگیر کیف تصویر مشاهده خواهید_کرد .,Negative,Positive
متاسفانه خلاف مدل پیشین ، PadFone ۲ دارا کیبورد جداگانه نبوده نمی‌تو عنو ن بوک استفاده کرد موضوع ممکن باعث شود تعداد دارندگ مدل پیشین ، تمایل ارتقا PadFone ۲ دس بدهند .,Neutral,Negative
من حاضر نیس نه t رو بخر نه tx بلکه acro s رو ترجیح مید !,Negative,Neutral
عرض سلا اول دیج کالا بعد تما کاربر خوب فروشگاه من گوش ۷ ماه پ دیج کالا خرید .,Neutral,Positive
نظر من ایکس و اس‌تر خیل سرترن,Neutral,Negative
البته سادگ معنا زیبا نبودن گوش نیس ، کل طراح L ۷ II L ۷ هیچ شباهت ندارد .,Positive,Negative
من حدود یکساله دوربین رو خرید همه چیز عالیه فقط بالا اومدن خودکار فلاش یه ک نامناسبه,Neutral,Positive
من گوشیو خرید نمیدون چجور کیبوردشو کن .,Negative,Neutral
هر صور همانطور گفت ، ۱۰۰ D کوچک دوربین DSLR  ساخته‌شده نظر قواره تفاو زیاد نسب بدون آینه- لنز قابل تعویض سطح حرفه ندارد .,Positive,Neutral
یکه‌تاز مدتیس خبر نیس .,Negative,Neutral
بنده خود هدف تبل ، ول دید تبل خام قدر نمی‌تون تهیه کن !,Positive,Negative
تو وزن ضخام آیپد مین سرتره .,Positive,Neutral
اینکه زوم بالا لزوما سه پایه نیاز هس صحیح نیس هرچند استفاده حداکثر زو سه پایه عالیه میشه سرع ب شا کمک گرفتن عکاس پیاپ نبود سه پایه رو جبر کرد .,Neutral,Positive
بلکه تفاو جاییس صفحه نما طیف sRGB کاملا پوش می‌دهد باعث می‌گردد دق رنگ بالا برود .,Neutral,Positive
گوش مارک نامدار نیس خیل ارزونتره,Neutral,Negative
اگه بشه میخوا تابستون یک بگیر,Positive,Neutral
ه پردازشگر جدید رو دوربین سال ۲۰۱۲ شرک مثل S ۱۰۰ G ۱ X کار رفته .,Positive,Neutral
جز مود ، HX ۳۰ v خوشبختانه مود Program Manual Exposure بهره می‌برد .,Neutral,Positive
هر گاه کوچولو تیک میزنه توجه قیم اصلا مه نیس .,Neutral,Positive
کلا ذ پلاسما اینطور هس داغ میکنه ؛ ول مدل مختلف سامسونگ ب داغ می‌کنند همین خاطر توصیه می‌کن دنبال تلویزیون پلاسما هستید برند پاناسونیک رو انتخاب کنید معرف کننده تکنولوژ پلاسما هس ، کیف مناسب داره تن ایراد پلاسما مصرف بالا حدود ۳۰۰ و هس .,Neutral,Positive
دوربین فوق العادده مشکل سا به اشاره کرده چیز نیس مه مشکل اینکه تو حال فیلم‌بردار وقت زو می‌کن صدا بزرگ شدن لنز رو فیل می‌افتد .,Neutral,Negative
Elph ۵۲۰ HS مجهز لنز ۲۸ - ۳۳۶ میلی توانا زو اپتیکال ۱۲ برابر .,Positive,Neutral
ضمن ، قاب دور تبل مقدار ضخ طور باعث گردیده دستگاه دستگاه مشابه مقدار بزرگ باشد .,Neutral,Negative
سلا ، اول درپاسخ رضا عزیز باید بگ غیر محصول اپل بعض محصول دیگه نانو س استفاده می‌کنند مشکل نیس حل میشه ، آیفون ..,Positive,Neutral
تن مشکل دو سیم‌کار بودنه بعضی خوب نیس,Positive,Negative
کارکردن با نوکیا سخ تره ، امکانات خلاصه تره .,Negative,Positive
برنامه Gmail نیز کم تغییر کرده امکانات مانند زو دو انگشت حرک Swype حذف کردن ایمیل اضافه‌شده .,Positive,Neutral
به کاتریج یدک خریدار شود هیچ زمان دچار مشکل نشوید .,Neutral,Positive
بدین صور شما اجازه می‌دهد اشاره کوچک نوک انگ هر عمل خصوص بزرگ کوچک کردن مقاطع مختلف صفحه انجا دهید .,Positive,Neutral
دوربین خیل خوبیه کیف عکس fz ۱۵۰ بهتره,Negative,Positive
مشخص اصل البته کم قابل ب دیزایر ایکس دوربین جلو نداره دوبرابر قیم داره .,Neutral,Negative
سامسونگ بزرگ زیاد گوش صفحه نما کوچک یه اندازه گوش نو نزدیک کنه ابعاد مناسب گوش قابل قبولتر می‌شد همینطور وزن کم زیاده میتونس کم ساخته بشه قابل دو سیمکارته تو خوبه,Negative,Positive
همانطور گفت ، دیگر پیشرف دوربین نسب مدل پیشین ، بهره‌گیر پور PictBridge مربوط می‌شود .,Positive,Neutral
بدین صور عکس ۱۲ مگاپیکسل عرض ۲ ثانیه رو کار حافظه ذخیره خواهد_شد .,Positive,Neutral
به نقاط قوت میشه گف : ۱. سبک ۲.,Positive,Neutral
گوش خوب کامل هس نسب قیمت عالیه فقط تن مشکل داره صداشه خیل ضعیفه .,Neutral,Positive
توضیح تعداد برنامه پیش‌فرض سامسونگ باید بگو برنامه S Note برنامه ایس شما طراح کار تعداد قالب پیش‌فرض کمک می‌کند می‌توانید آن قالب فایل PDF ذخیره نمایید .,Positive,Neutral
بسته آموزش نرم‌افزار کاربرد می‌توانید شاهد آموز پرکاربرد نرم‌افزار کاریرد سیستم باشید .,Positive,Neutral
تغییر دیگر سنسور تصویر بوده ۱۴ مگاپیکسل ۱۶ مگاپیکسل افزایش‌یافته .,Positive,Neutral
بعد متوجه میشید اپل چه غول رو داده بیرون !,Positive,Neutral
البته دیدن ب گوشی خانواده نو ذهن تداع خواهند_شد .,Neutral,Positive
نرم‌افزار یک نقاط قو گوش دو س کارته ، بهره‌گیر نسخه ۴ ٫ ۰ ( Ice cream Sandwich ) سیستم‌عامل اندروید .,Positive,Neutral
دوربین دوربین عکاس امک فیلم‌بردار قوی ذ سون باز می‌گردد دوربین فیلم‌بردار حرف اول می‌زند .,Positive,Neutral
ظاهر دوربین کاملا کلاسیک کاملا کف دس جا می‌شود .,Positive,Neutral
خطا رنگ بنف نیز عکس گرفته‌شده نسب چه دوربین SX ۳۰ IS می‌دید بسیار ک .,Positive,Negative
آیپاد تاچ ۴ نازک سبک راح می‌افتاد معمولا صفحه  می‌شکس ( مثل مال خود !,Neutral,Negative
من خود مک بوک پرو دار امروز فهمید من هیچ اپل نمیشه اگه براتون ممکنه اونجا می‌تونید سخت‌افزار کیف استفاده کنید !,Neutral,Positive
یعن گوش K ۹۷۰ دار دوربین ۵ مگاپیکسله .,Positive,Neutral
همچنین امک شماره گیر خودکار دیگر ویژگی دستگاه .,Neutral,Positive
سیم‌کار میخوره,Positive,Negative
ضمن ورود تکنولوژی جدید عمر کنسول خیل زود پا می‌رسد منظور من بلورا پر هزینه بی‌مصرف نسل کنسول جدید بکار می‌رود گیم جدید سال ات حج بیشتر سخت‌افزار گرافیک پردازش جدیدتر احتیاج دارد یعن عملا کل سیس کنسول باید تعویض گردد !,Negative,Neutral
بله تبلت داره میاد حتما درد میخوره برا اینکه تبلت جدید اندروید عقب نمونه باید استانداردهاشو بالا می‌برد .,Neutral,Negative
باف غن واضح تصاویر فول اچ د تجربه کنید ، برنامه تلویزیون فیلم دلخواه  دیگر هرگز مانند گذشته نخواهند_بود .,Positive,Neutral
فقط طراح قدیمیه .,Negative,Neutral
همانطور اشاره کرد تقریبا تن تفاو HX ۲۰ v نیز لنز توانا زو ک می‌باشد البته بزرگنما ۴ برابر خیل تفاو زیاد نیس ول هر صور اختلاف قیم ایجاد کرده_اس .,Neutral,Negative
شما میگین سنسور فلانه ، ابعاد بیسانه ، نویز امانه ..,Neutral,Positive
شاید بتو یک دلایل اصل وزن ک گوش نیز همین جنس بدنه شمار برد .,Positive,Negative
مجموعه گردو ، نرم‌افزار متناسب انتخاب می‌شوند تما نیاز تخصص عموم کاربر پوش می‌دهد .,Positive,Neutral
اکنون ۱۰۰ D تن ۴۰۷ گر وزن دارد حالیس ۷۰۰ D وزن تقریبا برابر ۵۸۰ گر ارائه می‌کند .,Positive,Neutral
چه متن ، چه گرافیک چه عکس برتر دیده_می‌شود .,Positive,Neutral
من خود سا شخص دار فروشنده محصول اینترن هس ول جدا خرید دیج کالا لذت‌بخ .,Positive,Neutral
سرع تقریبا برابر دوربین ۵۵۰ D ول بسیار سرع پیاپ دوربین ۷ D بهره‌گیر دو پردازشگر تصویر DIGIC توانا عکاس پیایپ ۸ فر ثانیه .,Negative,Positive
البته شارژ ده مراتب بالا به گوش  مثل آیفون ۵ داره بعض موارد بار سو روز مجبور شارژ کردن می‌شوید !,Positive,Negative
کلا گوش ال پره .,Neutral,Negative
نوکیا ۵۰۰ مجهز دوربین ۵ مگاپیکسل فوکوس خودکار می‌باشد فلا ندارد .,Neutral,Negative
همچنین مجهز لنز توانا زو اپتیکال ۱۸ برابر نیز می‌باشد .,Positive,Neutral
همه چ عال ول باطر ضعیفه مدا شارژ میخواد ول کیف عکسا توپه .,Neutral,Negative
بقیه امک نسل سو رو داره .,Positive,Neutral
مشکل بک خوردن گوش هنگا داغ شدن آپد کردن گوش برطرف,Positive,Negative
نظر من تبل خوبیه زمان من اینو دا : برا,Negative,Positive
صفحه نما قسم گوش جائیس سامسونگ تغییر عمده توانسته قیم گوش کاه دهد .,Positive,Negative
کل ، جنس بدنه تبل بی‌اغراق بر بین ۷ اینچی می‌دان .,Positive,Neutral
مقایسه بین گوش tx دا نتیجه رسید اینو بخر قابلیت جا ذکر نشده ول داره : small apps usb on the go dlna --------- برخ مزیت ضعف : اندازه صفحه نما نسب tx کوچک تره میتونه بسته نظر هرکس مز باشه ضعف .,Neutral,Negative
نصب درایور ویندوز مقدار دردسر داره ) من قیمت گرف دیج کالا واقعا تو ایر هیچ جا قیم نتونس پیدا کن البته پیشنهاد شگفت‌انگیز خورده_بود,Neutral,Positive
طرف مقابل واقعا ب میشه اصلا جالب گاه خیل متوجه نم هنوز نتونس به کن شاید دلیل اینه قبلا گوش سون اس استفاده می‌کرد ، واقعا کیف مکالم عالیه مقایسه هیچ وجه نیس .,Negative,Positive
ویژگ می‌تواند بسیار وظایف کار آید مانند ارسال پیا متن ، پیدا کردن محل مانند رستور هر محل دیگر ، تنظ ساع تنظ ز زنگ زدن ساع هر وظیفه دیگر بخواهید .,Positive,Neutral
تلسکوپه !,Positive,Neutral
مشخصا فیلم دوربین نویز ک ، حساس ب نور رنگ غلیظ‌تر دارند .,Positive,Negative
تغییر زیاد نسب اس ۲ معمول نداشته فقط یه اپد نرم‌افزار اندروید ۴ ٫ ۱ داره سامسونگ خواسته فرو گوش اس ۲ رو همواره بالا نگه داره گوش رو معرف کرده همون گوش ول اسم متفاو البته حافظه ذخیره‌ساز متفاو,Negative,Neutral
کمینه فاصله فوکوس مود ماکرو نیز ۱۰ البته خوب .,Negative,Positive
آینده روشن سون تو راهه وقتی‌که راهشو اریکسون جدا کرده,Positive,Negative
چه شانس آورد خرید I love U digi kala,Positive,Neutral
حقیق لپ‌تاپ امک سخت‌افزار ، معمولا گران هستند .,Neutral,Negative
مثلا پور جوریه رو هارد یه USB .,Negative,Neutral
مورد درایور  باید بگ درسری جدید د و د درایور رو گذاشتن .,Positive,Neutral
فولhd پخ نمیکنه .,Negative,Positive
انتخاب خیل سخ شده !,Neutral,Positive
ول باز از خو میاد البته نه اندازه noteII,Positive,Negative
جیو حت یه کلیپه ۷۲۰ نمیتونه باز کنه !,Neutral,Negative
حت مصارف سنگین ، GALAXY Tab ۲ می‌تواند حداقل روز کامل شارژ ده کند .,Positive,Neutral
اگه pin رو رو فعال کرده_باش روز یک دو بار از pin رو میخواد .,Negative,Neutral
ضمن ورود تکنولوژی باید عمر کنسول خیل زود پا می‌رسد منظور من بلورا پر هزینه بی‌مصرف نسل کنسول جدید بکار می‌رود گیم جدید سال ات حج بیشتر سخت‌افزار گرافیک پردازش جدیدتر احتیاج دارد یعن عملا کل سیس کنسول جدید تعویض گردد !,Negative,Neutral
شما می‌توانید عکس گرفته‌اید صور بیس گوش هوشمند ، تبل لپ‌تاپ منتقل کنید اینکه پرین مستق پرین ارسال نمایید .,Positive,Neutral
روشنا صفحه نما بسیار رضایت‌بخ ول آنجا صفحه کاملا براق ، نمی‌تو راحت شرایط نور قو ( مثل فضا بیرون زیر نور آفتاب ) کار کرد .,Neutral,Negative
فقط کسا بخرن عکساشون اهم میدن آلبوم عکس خسته شدن دوس دارن کل عکسا دارن رو بریزن تو دستگاه مثل قاب عکس میمونه .,Neutral,Negative
"cpu,ram , s pen اونو یه سر گردن ipad حت بقیه تبلت بالا قرار میده .",Positive,Neutral
ستاپ باکس قابل پخ تمام کانال دیجیتال صدا سیما دارد می‌تواند برنامه رو فل هارد اکسترنال ضبط فایل رایج موسیق ، عکس فیل پخ نماید .,Positive,Neutral
صفحه‌کلید دیگر نیز تبل ساخته‌شده Type Cover نا دارد خلاف مورد قبل صفحه‌کلید مجاز واقع خازن اختیار کاربر قرار می‌دهد ، یک صفحه‌کلید واقع کلید فیزیک کار کاملا حس کار لپ‌تاپ کاربر منتقل می‌نماید .,Positive,Neutral
فقط باطر توجه دوس بودن .,Neutral,Negative
۶۸۰ گرم نیز وزن تقریبا زیاد تبل محسوب می‌گردد .,Negative,Positive
شارژ بی‌س ( تکنولوژ تازه محسوب نمی‌شود لومیا ۹۲۰ نوکیا دیده_بود ) خلاصه من iphone ۴ s محصول سال پ شرک اپل محصول چند روز پ گوگل الج ترجیح می‌ده !,Negative,Neutral
مک قرار گیر اصلا دوس نداشت ترجیح می‌داد جا کناره قسم بالا دستگاه قرار داشته_باشد .,Negative,Neutral
گوش رنگ استایل مختلف نیز عرضه می‌شود زیر نمونه رنگ مشاهده می‌کنید .,Positive,Neutral
نسب امکانات داره همچنین مخصوصا اندروید ۴ ٫ ۱ نظر من تو رده خیل بد نیس .,Neutral,Positive
یه چیز داره هیچ گوش ا نداره اون یه اس گوگل هس .,Positive,Negative
بنابراین کیف عکس تولید شده توسط دوربین انتظار خیل زیاد دار .,Neutral,Positive
سلا من ۵ ماه هس گوش استفاده می‌کن قبل بگ من قبل اینکه گوش رو خریدار کن گوشی سامسونگ خو نمی‌اومد وقتی‌که گوش گالکس اس ۲ رو دید تجربه کرد البته وقت اون رو اندروید ۴ ارتقاع داد باور نمی‌شد همون گوشیه واقعا نظر گرافیک جالب شده_بود .,Neutral,Positive
فوکوس دوربین ، فقط نوع خودکار .,Neutral,Negative
سیستم‌عامل آندروید : *برا هرسلیقه *برا هر سطح جامعه هر تو مال *برا برنامه نویس مبتد حرفه *ورود جامعه متن باز *ارز قائل شدن نظر سلیقه افراد *انعطاف پذیر سیستم‌عامل آندروید شما می‌توانید مقدار متوسط پول نوع گوشی آندروید بخرید امتح کنید .,Positive,Neutral
پیش‌زمینه اهال سا همه عاشق فناور هستند کار کردن گجت لذ می‌برند می‌خواه نقد خرید گوش هوشمند بنویس : دارین نوشته رو میخونین یعن قصد خرید اسمار فون دارین HTC one x plus یک گزینه هاتونه .,Neutral,Positive
کل باید گف P ۵۲۰ نسب P ۵۱۰ آپدیت ملا محسوب می‌شود .,Neutral,Positive
X ۱ - ۰۰ به گوش کسان شارژ موبایل اهم می‌دهند ۱۴۶۶ ساع شارژ استند با ، هیچ‌گاه طور رسم وارد ایر نشد مدل دو سیمکارته X ۱ - ۰۱ شارژ کمتر نگه می‌دارد طور رسم وارد کشور ؛ آنه دو رنگ نامناسب نظر من ، قرمز آب مدل تک سیمکارته ۲۰۶ دارا ۱۱۳۲ شارژ استندبا .,Neutral,Negative
قسم جلو تبل هیچ‌گونه کلید فیزیک وجود نداشته اکثر فضا جلو تبل صفحه نما پوشانده_اس .,Neutral,Positive
همچن کاربر گوش شاهد خانگ هست امک حذف هیچ کدا وجود ندارد .,Negative,Neutral
) میتونن کم هزینه ب گزینه بهتر واستون باشند !,Neutral,Positive
اپل قول داده باتر گوش حال شبکه ۳ G وصل باشد می‌تواند ۸ ساع شارژده کند حدود ۱ ساع ب نسخه پیشین .,Positive,Neutral
کیف ساخ .,Neutral,Positive
صفحه‌نما کیف پایین داره ول عجب اسپیکر داره /,Neutral,Positive
آ یعن ج پ آر شرایط وجود داره تبل بخوره تبل GSPAD X ۷ قابل نصب سیم‌کار رو,Negative,Neutral
دومین تغییر مه دوربین کار گیر پردازشگر تصویر DIGIC ۵ بوده_اس .,Positive,Neutral
بخرین پشیمون نمیشین البته باید راهنمایی دیج کالا تشکر کن,Neutral,Positive
زیبا چند گوش نسبتا خوب نظر کیف ساخ هر ارز خرید نمیتونه LG Optimus ۴ X HD P ۸۸۰ برسه .,Negative,Positive
مجموعه گردو دارا قفل نیس کاربر صور نیاز می‌توانند نرم‌افزار کپ جا دیگر استفاده نمایند .,Positive,Neutral
گوش رو دس تراک Sony s ppi هس رو بیاره حت LG optimus g تراک نتونس .,Negative,Neutral
البته آن فقط سم بالا چرخ می‌کنند .,Negative,Neutral
عقیده من Apple می‌توانس آیکون بهره ببرد تما صفحه بگیرند,Negative,Positive
امر HP قابل باریک سبک Sleekbook طریق کوچک کردن سیس خنک‌کننده باتر دستگاه فراه کرده_اس .,Neutral,Positive
HTC سامسونگ تو حدود قیم گوشی مراتب بهتر دارن,Neutral,Negative
جلو ه قدیم گوشی ال‌ج اچ ت س رو حفظ کرده,Negative,Neutral
همون آیفونه بدون جا سیمکار,Neutral,Negative
وزن Xbox ۳۶۰ Slim نیز مقدار Xbox ۳۶۰ ک شده_اس .,Positive,Neutral
محصول اپل کسا هس دیگه iOS عاد کردند ول باید نیس گوش تقریبا هیچ مورد به گوش دنیا گف .,Negative,Positive
میگن گوش باتر ضعیفه جیو اصلا باتر نداره .,Positive,Negative
همچنین اندازه بزرگ ( دزدیدن آسان نگه‌داشتن دس سخ می‌کند حال نگه‌داشتن آیفون دس بسیار آس دلنشین ) .,Negative,Positive
ایفون رو همه اندک مشکلات میبینن نمیگن چقدر طراح ابتکار عمل بکار رفته - سرع پردازند ۲ برابر شده دوربین ایفون ۴ کل نوکیا سون .,Neutral,Negative
باتریباتر لیتیو یون استفاده‌شده گوش توانا ذخیره ۱۵۰۰ میلی‌آمپر انرژ فراه می‌نماید .,Neutral,Positive
والا ما زو کرد ول کیف عکس خراب نشده .,Neutral,Positive
نکته : داشتن بلوتوث سریع نسخه ۴ ٫ ۰ ، قابل عکاس حین فیلمبردار البته بهره‌مند Beats Audio ، سه برتر نسب دو گوش نسب رقبا ترازشون داده ، ول متاسفانه هر دو گوشی فاقد دوربین جلو ( دوربین مکالمه ویدیو ) هستند .,Neutral,Negative
ول درباره چیپ س نمیدون Exynos قو تره S ۴ ول میدون Intel هردو بالا تره .,Neutral,Negative
وزن لپ‌تاپ بسته ابعاد مانیتور بین ۱ ٫ ۲ ۲ ٫ ۶ کیلوگر متغیر ول کل وزن استاندارد هستند .,Positive,Neutral
نمیدون تلویزیون صفحه‌کلید بی‌س پشتیبان میکنه نه !,Neutral,Negative
وقت دوربین رو مود قرار می‌دهید ، دوربین شما دستگاه کاملا خودکار تبدیل می‌شود .,Positive,Neutral
برخلاف گفته یک دوس : تحمل ضربه تلویزیون پلاسما ۸۰ برابر ال سی‌د هس .,Neutral,Negative
تشکر دیج کالا گوشیه خوب ظاهر زیبا ندارد متاسفانه نظر سخت‌افزار قو,Positive,Negative
XR ۱۶۰ دلیل هارد دیسک داخل دارد بزرگ سنگین CX ۱۳۰ CX ۱۶۰ .,Neutral,Negative
۴ _ کیف ساخ تراک پیکسل متوسط صفحه نما .,Neutral,Positive
گوشه سم چپ بالا صفحه نما آیکون گوگل مشاهده می‌نمایید واقع میانبر دسترس سریع سا گوگل می‌باشد .,Neutral,Positive
همین مناسب عکسا کیف محشر میگیره حال ماکرو فوق العادس یک دیگه معایب اینه سوژه عکسا خوب ثب نمیکنه چ ور درس ضمن تو زو اپتیکال بالا واقعا نویز زیاد داره چه برسه زو دیجیتال,Negative,Positive
کل نظر ارز قیم رو .,Negative,Positive
هدف نام‌گذار کنسول نا XBOX ۳۶۰ کنسول نه‌تن نیاز مربوط باز کاربر مرتفع می‌سازد ، بلکه توانا دارد عنو مرکز چند رسانه Multimedia Center خانه مورد استفاده قرار گیرد صور ۳۶۰ درجه ( جامع ) نیاز دیجیتال کاربر مورد پوش قرار دهد .,Positive,Neutral
قدر ipad ۲ کوچک,Neutral,Negative
من گوش رو سفار داد ول هنوز بدس نرسیده رو کاغذ مشخصات نسب قیمت توجه دوس کار بودن ، cpu دوهسته ، صفحه ۴ ٫ ۳ اینچ ، دوربین ۸ مگ ، حافظه داخل ۴ گیگ .,Positive,Neutral
مدل wifi تن چیز ک دا ۳ g .,Neutral,Negative
A ۸۱۰ ارزان‌قیمت دوربین سر دوربین کانن .,Neutral,Positive
مدل دارا تجهیزات تکمیل اتصال فر ، داشبورد ، کلاه بدنه خارج انواع وسائط نقلیه قبیل اتومبیل ، موتورسیکل ، دوچرخه ج اسک .,Neutral,Positive
موبایل کاربر استفاده‌کننده معمول عالیه فقط باطر نسبتا ضعیف دارد ، عرض ۲ ساع شارژ می‌شود حال استفاده معمول ( پیامک تلفن ) سه روز کار می‌کند .,Neutral,Positive
ثبت‌نا آنلاین محصول ADATA می‌توانید امن بصور رایگ برخوردار شوید .,Neutral,Positive
درسته او اس .,Neutral,Positive
برنامه نو .,Negative,Neutral
شماره‌گیر هوشمند براحت رو نصب میشه .,Positive,Neutral
گوش حرفه‌ای ندید .,Positive,Negative
طراح ساخ طراح گوش اصلا دیگر گوشی معروف سامسونگ بیگانه نیس .,Neutral,Positive
ول هر ز گوش دا دو آ سرآمد ز شمار می‌رف ، اینکه مجموع ارمان مدنظر تجربه شخصی کاربریه ایده آل پیدا کرد استفاده روزانه انعطاف‌پذیر مهم خصیصه یه گوش همراه !,Neutral,Positive
هرحال نو ۲ به ایفون ۵ هست,Neutral,Positive
دستگاه دو رنگ مشک نقره عرضه‌شده .,Positive,Neutral
مدل پس یعن X ۱۰ نیز ویژگی دیگر اضافه‌شده بودند علاوه رفع نواقص مدل پیشین ب مناسب عکاس مبتد کرده_بود .,Neutral,Positive
البته نانو سیم‌کار ایده جدید بوده ول خیل صدا نکرد .,Neutral,Positive
کل بسیار جالبیه ولی ایراد درس,Negative,Positive
خوشبختانه دوربین هنگا قفل نمی‌شود می‌توانید عکس بعد بگیرید .,Neutral,Positive
معمولا فوجیتسو سع میکنه بقیه برند ارزون باشه ول باز باید صبر کن .,Neutral,Negative
امیدوار قیم مناسب داشته باشه .,Neutral,Positive
وا پسر ۵۰ x زو اپتیکال فکر نکن دیگه کانن تو بخ سوپر زو رقیب داشته باشه البته باید کیف عکس رو مدل نیکون مقایسه کرد !,Positive,Neutral
zl مقایسه ۵ اینچی دیگه مثل باترفلا سونیz یه بکنید ببینید چقدر بزرگتره .,Negative,Neutral
تکرار می‌کن سنسور تصویر کوچک نبود دوربین رده کامپکت سطح پیشرفته قرار می‌داد .,Neutral,Negative
همین دلیل لاز گوش تمیز کنید .,Negative,Neutral
حال استفاده عاد دو سه روز دوو میاره .,Positive,Neutral
لحاظ گرافیک iPhone ط ۷ سال امتح خودشو پس داده ثاب کرده گرافیک هر گوش android  ب .۲.,Positive,Neutral
رزولوشن ۱۱۳۶ x ۶۴۰ پیکسل صفحه نما لذ ببرید !,Positive,Neutral
دیگر قابلیت فوکوس لمس می‌باشد ، بدین ترتیب رو هر سوژه خواستید فوکوس شود کاف طریق نمایشگر رو لمس کنید .,Positive,Neutral
یعن بازی خیل سنگین اف فر داره اور کلاک درس میشه .,Neutral,Negative
طور استفاده فن‌آور نوین Palm Proof ، تاچ پد توانا تشخیص بین ضرب انگ کلیک ضرب انت کف دس دارد ضرب انت کف دس ترتیب اثر ندهد .,Positive,Neutral
فقط اچ پ,Neutral,Negative
بجز هیچ mp ۳ player ا نخرین اپل بهترینه .,Positive,Negative
وجود رقبا سر سخت مانند Samsung Galaxy S III HTC One X ، نظر می‌رسید اپل تبدیل شدن به ، کار بسیار سخت پ دارد .,Neutral,Negative
هر چند گوش نسبتا خوب نظر کیف ساخ زیبا ارز خرید نمیتونه LG Optimus ۴ X HD P ۸۸۰ برسه .,Negative,Positive
یه مقایسه ۵ اینچی باترفلا zl بکنید ببینید چقدر بزرگتره .,Negative,Neutral
خداکنه تو ایر میاد قیمت همون خوب باشه !,Neutral,Positive
Surface RT وجود نسخه ویندوز ۸ آر ت ، فقط قادر اجرا برنامه پردازنده ARM ساخته‌شده باشند .,Neutral,Negative
پس درخواست بسیار کاربر آندروید چشیدن طع سیم‌کار رو تبلت ، بالاخره گوگل امک استفاده سیم‌کار همراه فضا ذخیره ب ( ۳۲ GB ) درون سوگل محصولات فراه کرد .,Neutral,Positive
من خود ترجیح می‌د یه تبل خوب بگیر فا وا طریق گوش سینک کن .,Negative,Neutral
سیس خنک کنندگ G ۵۸۰ یک نقاط قو اصل .,Positive,Neutral
بعد آپد مشکل داغ شدن نظر ب ۷۰ درصد حل‌شده .,Neutral,Negative
یعن صرفه‌جو اساس هزینه !,Positive,Neutral
نظر من اپل میتونس کم تاخیر گوش رو بده بیرون خیل پیشرفته تر کنه .,Neutral,Positive
تماشا فیل طریق USBبا قابل ConnectShare Movie کاف درایو حافظه USB تلویزیون وصل کرده فورا فیلم ، عکس آهنگ دلخواه لذ ببرید .,Neutral,Positive
اولین نکته می‌خواه رابطه تبل بگو اولین تبلتیس دارا گواه PlayStation .,Positive,Neutral
هرچند رزولوشن پایین نمایشگر Retina iPhone ۴ ول وجود بزرگ بودن ، کیفیت تقریبا برابر ارایه می‌دهد .,Neutral,Negative
صورتیکه آیپد مشکل محدودیت بسیار ایر دارد مشکل ایر زودی حل نخواهد_شد .,Neutral,Negative
یعن طیف وسیع کاربر رو نشونه میگیره .,Neutral,Positive
لحاظ کیف گوش بد نیس امکانات معقول حد تلفن نه اسمار فون .,Positive,Negative
عال بنظر میرسه فقط یک باب رزولوشن ۴۸۰ * ۸۰۰ صفحه ۴ ٫ ۳ مطمئن نیس,Neutral,Negative
CPU بلک ضعیف CPU تک هسته بازاره برابر CPU Scorpion خیل ضعیف تره .,Neutral,Negative
لپ‌تاپ شیک عال هس نظر پر نیس,Negative,Positive
عال هس فقط pdf نداره کیبورد نامناسب زاویه‌دید ک نظر دیگر دیدگاه دیگر بی‌نظیره حت قیم بالاتره بهتره,Neutral,Positive
همچنین چندین ویج کاربرد استفاده کاربر صور پیش‌فرض رو گوش قرار داده‌شده .,Positive,Neutral
"-تو اجرا ویدیو سنگین انقدر فکر می‌کرد خوب نبود -عقب گوش مخصوصا مشک خیل حساسه یعن جور ناخن خط میوفته بغیر دو حالا معرکه بوده باور کنین قبل خرید هر چ گوش بوده کار کرد galaxy s ۳ ,one x,xperia z ول iphone ۵ همشون راح سریع ول کسا حوصله سر کله زدن itunes رو ندارن توصیه نمی‌کن .",Neutral,Positive
دیج کالا باب توضیح جامع مورد ممنون,Positive,Neutral
سلا اگه واقعا کیف پایین صفحه نما جنس بدنه پلاستیک تبل نظر شما عیب محسوب نمیشه مشکل نیس بخرید فقط قبل کم جستجو کنید شاید قیم کم بالا بتونید یه تبل به بگیرید نظر من تبل Sony experia z زود وارد بازار ایر میشه یک بی‌نقص هاس شاید به باشه .,Neutral,Positive
فقط توصیه میشه کمه ک یه ر ۸ سرع بالا رو بندازید .,Neutral,Negative
ول حداقل نسب مدل مشابه خود تو برند سامسونگ یعن گالکس اس دو س نظر سخ افزار بهتره ارزونتره .,Positive,Neutral
ویدیو ۷۲۰ p راح پخ میکنه ۱۰۸۰ p رو نه .,Positive,Negative
۶ - مشکل باطر تقریبا معن نداره .,Neutral,Positive
کل مقدار دستگیره بزرگ‌شده .,Neutral,Negative
ادعا می‌کند باتر چند تفاوت ندارد ، ما هست .,Negative,Neutral
یک مه به امک اضافه‌شده GALAXY Tab ۲ ۷ ٫ ۰ سیستم‌عامل .,Positive,Neutral
مورد دیگه باید بگ Android v ۴ ice cream sandwich گوش  هس رمشون ۱ Gbباشه زیاد اپد اندروید دق نکنید توصیه می‌کن کسا میخو اپد کنن زیاد خدشون رو دردسر نندازن همین جور ورژن بزارن شانس هس ممکن هس بخوره ممکن هس نکنه اگه یه جستجو اینترن کننین می‌بینید مشکل زیاد بد نوع گوشی پ امده .,Negative,Positive
قالب‌گیر آلومینیو پلاستیک سطح نانو استفاده تزریق پلاستیک ، طور عمل می‌کند گو پلاستیک ریشه درخ آلومینیو عمیقا رشد می‌کند .,Neutral,Negative
امر ممکن ابتدا باعث شود احساس خوب تایپ کردن کیبورد لپ‌تاپ نداشته_باشید ول طبیعتا مرور ز هنگامی‌که کلید عاد کنید ، می‌توانید سرع بالا خطا تایپ ک Sleekbook تایپ کنید .,Positive,Neutral
حال صفحه‌کلید بیش وارد کردن اطلاع متن کاربرد دارد نمی‌تو اجرا باز استفاده کرد .,Neutral,Negative
همین دلیل هس ایزو ۲۵۶۰۰ افزایش‌یافته .,Positive,Neutral
صفحه ۴ ٫ ۵۵ اینچ آیون رنگ رو واقع زنده نشون !,Negative,Neutral
حرک می‌تواند کج کردن دستگاه صور گیرد .,Neutral,Negative
من new ipad TF ۷۰۰ T تجربه کرده قاطعانه شما می‌گو ایپد چیز دیگه لحاظ قیم تقریبا برابر هستند نظر من می‌خواهید پول خرج کنید نظر من ایپد به تبل جه TF ۷۰۰ T هر تبل دیگر خیل بهتره یادتون باشه اندروید گوش موبایل خوبه نظر من موبایل ios بهتره ول مورد تبل خیل بهتره زیرا تبل استاده بیشتر سخت‌افزار می‌کنید تبل تنوع کیف نرم‌افزار خیل مهمه .,Neutral,Positive
بعلاوه می‌تواند طور کامل ۱۸۰ درجه بچرخد بتوانید عکاس Self Portrait نیز انجا دهید .,Positive,Neutral
واقعا شگف انگیزه ول واقعا شخص ساز پایین رقیب اندرویده محدودیت همچون نصب انلاین نرم‌افزار رادیوبلوتوث غیر فعال خیل چیزا .,Negative,Positive
آیفون ۵ مجهز LTE ه ۴ Gاس مدل قبل فاقد فناور بوده_اس البته ما ایرانی داشتن نداشتن تفاوت ندارد !,Neutral,Negative
دوربین گوش مجهز تشخیص چهره فوکوس ثاب داره سیس عامل گفته نوکیا سال ۲۰۱۲ سیستم‌عامل بل آپد میشه .,Positive,Neutral
میگن سوپر اسمار .,Positive,Neutral
نظر من تن مزایا xbox نسب ps ۳ زود هک شدن بازی  هس ول نظر سخت‌افزار ps ۳ سر گردن بالاتره,Neutral,Positive
نسخه ۴ ٫ ۱ اندروید تغییر زیاد نسب نسخه قبل داشته ، کمپان سامسونگ نیز ویج  استفاده کاربر افزوده_اس .,Positive,Neutral
""" رنگ آلومینیو رخ می‌کشد آلومینیوم رنگ رخ می‌کشد .",Neutral,Negative
سلا درانتخاب برند آیفون عنو بر شک نیس امک گوش بالقوه زمانیکه ما پرسرع برخوردار یک امکانات تاکنون فعال قابل مکالمه رایگ آیفون آیفون هس .,Negative,Positive
ضمن کیف صفحه گلکس نو ۱۰ ٫ ۱ خیل اسوس اینفینیت فرق نداره حال امکانات بسیار تبل بهتره !,Neutral,Positive
گوشیه خوب شیکیه / ول خیل صرفه نیس,Neutral,Positive
ما حال شاهد چنین پدیده نبود معمولا هرگاه فلا احتیاج صور خودکار بالا می‌آمد .,Neutral,Negative
اینترن گرد گوش کار خیل پسندیده نیس ول حال تو صفحه ۴ اینچ کار واقعا لذ بخشه ول لذ اینترن گرد تو تبل رو اصلا نداره .,Neutral,Positive
مگا پیکسل بالا باعث نویز ب تو عکسا میشه البته توجه اندازه حسگر .,Neutral,Negative
۱ -صفحه نما ۴ ٫ ۳ اینچ بزرگ .,Positive,Neutral
نظر سرع س پ یو ، حافظه ر ، سیستم‌عامل دو س کارته همز باتر بسیار عالیه ( نسب قیم ) ول ایراد بزرگ داره اصلا قابل چشم‌پوش نیس اون بودن ضعیفشه .,Negative,Positive
مزایا صفحه نما کیف تراک پیکسل بسیار بالا نیز اضافه کنید ، تن نقطه‌ضعف گوش دوربین خواهد_بود .,Positive,Negative
حالیس Beats Audio مدل قبل موزیک پلیر استاندارد گوش محدود !,Neutral,Negative
علاوه گوش تکنولوژ Beats Audio بهبود کیف صدا خروج طریق هدفون استفاده می‌شود .,Neutral,Positive
حالیه پول میتونید یه تبل خوب داشته_باشید یه . خیل خوب گوش,Negative,Positive
مانند دیگر SuperAMOLED ، رنگ صفحه نما بسیار عمیق زنده نما داده_می‌شوند .,Positive,Neutral
سبک زیبا فقط ۱۰۰ گر ۳.,Positive,Negative
خلاف Windows ، برنامه سیستم‌عامل OS X باید رزلوشن بالا طراح شوند غیر صور اصلا ظاهر خوب نخواهند_دا .,Neutral,Negative
قسم پشت دستگاه نیز ه شیشه بسیار مقاو جلو ساخته‌شده لنز دوربین ۵ مگاپیکسل ، فلا LED البته لوگو Apple قرار گرفته‌اند .,Positive,Neutral
ابعاد وزن تقریبا ه باقی‌مانده تغییر ظاهر نسبتا کم بین دو مشاهده می‌شود .,Neutral,Negative
وجود پور usb میتونس خوب باشه .,Neutral,Positive
لاز ذکر خارج کردن شیار میکرو سیم‌کار باید پین سوزن استفاده کنید .,Neutral,Negative
خود یه اچ پ مین دار حدود ۵ ۶ ساع راح جواب میده اون سخت‌افزار صفحه نمایش غول نیس .,Neutral,Positive
برخلاف مدل P ۵۱۰ نمایشگر چرخنده فقط توانا گرد سمت بالا پایین دا ، نمایشگر چرخنده P ۵۲۰ دارا لولا قسم سم چپ می‌تواند سمت مختلف گرد کند .,Positive,Neutral
( چه اندازه تنوع نر افزار اندروید نیس حال حاضر رشد بسیار سریع دیده_می‌شود حتا ممکن آینده اندروید پیش بگیرد .,Neutral,Positive
تصاویر نویز کم می‌بینید .,Positive,Negative
شاید راه حل داره من پیدا نکرد .,Neutral,Negative
۱ - ۲ بار خود خامو همینجور جز اون اصلا نه هنگ کرده نه چیز دیگه .,Neutral,Negative
همچنین چیز نگاه نخس ممکن نظر برسد سبک وزن تن ۴۵۰ گر هم‌وزن X ۱۰۰ می‌باشد .,Positive,Neutral
پردازنده لطف بهره‌گیر تکنولوژ Hyper-Threading قابل ایجاد دو هسته مجاز دیگر داشته می‌توانند صور چهار هسته کار کنند .,Positive,Neutral
پردازنده دو هسته تلویزیون نسل جدید سریع فن‌آور چهار هسته تغییر دهید .,Neutral,Positive
برچسب ال س د گیر نیومد یه معمول انداخ فعلا .,Positive,Negative
سلا دوس خسته نباشین من اومد اینجا خیالتون رو مورد گوش راح کن اومد گوش زیر ذره‌بین بذار بررس مختصر گوش براتون بذار قبل بررس بگ اطلاع کاملا تجربه چند روزه خود گوش یعن اینکه اطلاع سایت دیگه کس دونه نشده پس هر آنچه می‌خوانید همان گوش خوب بر سراغ بررس وسایل جانب داخل کارتن بازگو هدس بی‌کیف شارژر کابل usb مشخص کلا مشخص گوشی هواو تو هر سایت متفاو هر جا چیز گفتند تو سایت داخل چیز تو سایت خارج چیز دیگر .,Negative,Neutral
• جمع بندیSleekbook جزو باریک سبک نو بوک ساخته‌شده تاریخ .,Positive,Neutral
من قبلا ۳۶۰ دا نظر فراوان باز رو dvd رایت خیل خوب گرفتار ریختن باز رو هارد رو نداره ول بخاطر درایو dvd هس باز ساز مجبورن ۳۶۰ باز پایین بیارن باز ساز بار موضوع اذع کردند مثل namco tekken ۶ کیف باز ps ۳ بالا لذا جه جه بازی انحصار ps ۳ داره گرد پا ps ۳ نمی‌رسه من حج رو رد کرد ps ۳ گرف خیل نسب xbox کارایی بهتره مخصوصا ال cfw ۴ ٫ ۳۰ اومده همه بازی به کیف ممکن سازندگ اجرا می‌کند,Negative,Positive
طرز شگف آور حال انتظار نداشت ، دوربین توانا فیلم‌بردار رزولوشن ۷۲۰ p HD دارد .,Positive,Neutral
بدین صور شما دستگاه هر طریق دس بگیرید صفحه نما نیز می‌چرخد .,Neutral,Positive
سلا عرض اراد تشکر خاطر ارسال سریع درس کالا .,Positive,Neutral
شاید نقطه‌ضعف نما بتو زاویه دید عمود محدود دانس طور کم بالا پایین صفحه کنید ، اف چشمگیر کیف تصویر مشاهده خواهید_کرد .,Negative,Positive
شاید نگاه اول نظر شما رزولوشن پایین باشد ، خصوص مقایسه رزولوشن چاپ اسکنر دستگاه .,Neutral,Negative
گوش خوب منت تازه وارد,Neutral,Positive
تما گوشی دو سیم‌کار رو تو همین سا بررس کرد ۴ گوش خو اومد .,Neutral,Positive
ممنون دیج کالا بخاطر تحویل سریع آس .,Positive,Neutral
کنفرانس اپل گفته_شد ۴ S یکس ول یقینا تو ایر بیارن گرون .,Negative,Neutral
کانن تنظ Easy Mode جا داده_اس علاوه مود Smart Auto می‌باشد توانا تشخیص صحنه سوژه دوربین می‌دهد .,Positive,Neutral
پهنا گوش کاملا اعتقاد اپل سایز ۳ ٫ ۵ ال ۴ اینچ استاندارد صفحه نما کار دس .,Negative,Neutral
همین ایسوس خود خیلیه .,Neutral,Negative
اگه یه پخش‌کننده موسیق همه‌کاره می‌خواهید هزینه  دارید .,Neutral,Positive
قابل دیگر اضافه‌شده قابل عکاس پانوراماس شما امک می‌دهد عکس کیف ۲۸ مگاپیکسل نیز ثب نمایید .,Neutral,Positive
مورد اکثر برنامه دیگر همچنین بازی ، سوئیچ پویا صور نمی‌پذیرد بلکه باید بعد قرار دادن گوش رو تبل ، مجددا برنامه اجرا نمایید .,Negative,Neutral
یک قسمت محصول دیجیتال ، همواره اهم ویژه ایسوس برخوردار بوده_اس ، کیف صوت دستگاه .,Neutral,Positive
یه دیگه منو مورد دستگاه رزولوشن نما اونه واقعا قابل حس .,Negative,Positive
همه چیز خوبه تن مشکل گرافیک هس ۳ D ساپور نمیکنه .,Neutral,Positive
اع خوبی بد  .,Neutral,Negative
تن طور کل محصول گرف اینه تو کشور ما ورود محافظ صفحه یک‌لایه نازک شفاف هس مد گو لاز افسوس چیز جز پایین اوردن کیف ندارد,Negative,Positive
نسب کارا دستگاه قیمت خیل مناسبه ول یه چیز یه ک صدا زیاد بلنده .,Neutral,Positive
گوپرو ادعا می‌کند شارژده باتر چند تفاوت ندارد ، حال ما مشکوک هست .,Negative,Neutral
ول کا طور پیش‌فرض سیستم‌عامل اندروید ۴ ٫ ۱ دا .,Negative,Neutral
ال‌ج قدر خودشو ثاب کرد تولید ۲ گوش جدید نام optimus g nexus g میتونه گو سبق رو سامسونگ بگیره .,Positive,Neutral
برخ برنامه پیش‌فرض رو گوش باید دنبال جایگزین بگردید .,Negative,Neutral
من اول آیفون ۴ S خرید فکر می‌کرد دنیاییه واسه خود .,Neutral,Positive
برنامه بازی اون ایده آل تبل بازاره ..,Positive,Neutral
صفحه نما حد معمولیه .,Neutral,Negative
-یک اب دار رابطه ساخته دقیقا هیچ کجا اشاره نشده دوربین چه کشور ساخته‌شده هر چ هس تقلب نیس .,Positive,Neutral
قاب دور خیل باریکه .,Positive,Negative
. خرید ۵ باز vita میتون یه دستگاه دیگه بخر,Negative,Neutral
گوش خوبیه ول بدن ضعیفه,Neutral,Negative
طراح ساخ طراح گوش کم متفاوت گوشی دیگر خانواده لومیا طور لبه کم انحنا داشته صفحه نما کاملا تخ .,Neutral,Negative
تفریحه ورز .,Neutral,Positive
نظر حت اس ۲ دیگه قابل‌مقایسه نیس .,Negative,Neutral
توصیه من دوس هس لطفا کنسولشون رو کپ خور نکنن نمی‌تونن مزایا آنلاین دستگاهشون استفاده کنن .,Neutral,Negative
مثل قبل سیر رو ارائه کرد بازار تکون داد .,Neutral,Positive
• نر افزارهمان‌طور گفته_شد Google Nexus ۷ اولین تبلت صور پیش‌فرض نسخه ۴ ٫ ۱ Jelly Bean اندروید بهره می‌برد .,Positive,Neutral
تغییر بارز دیگر دوربین نسب مدل پیشین ، استفاده نمایشگر لمس .,Positive,Neutral
گوش زیبا هس نظر من htc بهتره buttrfly .,Negative,Positive
( ( باتشکر سا بسیار خوب دیج کالا ) ),Neutral,Positive
بخوا هارد رو محصول برند دیگه مقایسه کن بدون شک محصول رو رده اول قرار مید .,Positive,Neutral
یک خصوص گوش ذکر نشده اینه آندروید قابل آپد ۴ ٫ ۱ .,Positive,Neutral
ضمن لولا خیل محک درب نگه داشته‌اند .,Neutral,Positive
پردازنده عد هسته ، صفحه نما ۴ اینچ ، ز مکالمه ۸ ساع ، دو پشتیبان حافظه جانب .,Negative,Neutral
من شخصا حاضر نیس نه t رو بخر نه tx بلکه acro s ion رو ترجیح مید !,Negative,Neutral
. صدا : نگاه کوتاه صدا خروج سون اریکسون Xperia Ray کن می‌تو گف گوش دارا صدا گوشی هوشمند سون اریکسون .,Negative,Neutral
سلا خدم همه دوس digikala مورد گوش باید بگ گوش خوب هست من خریدم فقط یه چنتائ نقطه‌ضعف داره ایناس : ۱.,Positive,Negative
TF ۷۰۰ تن ۵۹۹ گر وزن دارد یک سبک تبلت ۱۰ ٫ ۱ اینچ امروز تبدیل کرده_اس .,Positive,Neutral
سلا گوش رایتل مکالمه تصویر پشتیبان میکنه ، تو سا رایتل اعلا کردن .,Positive,Neutral
لاز ذکر مشکل برنامه ، مربوط تمام شهر نمی‌شود ب شهر کوچک وجود دارد .,Neutral,Negative
زب فارس رو خوب ساپور میکنه من مشکل ندید اینجا .,Neutral,Positive
هر لحاظ بهترینه ، سخت‌افزار قدرتمند حتما حس خوب آد میده ول این‌که خیل قابل ایر کار نمیکنه خیل بده .,Negative,Positive
من حدود ۴ ماه دوربین رو خرید همه چیز عالیه فقط بالا اومدن خودکار فلاش آدمو خسته میکنه .,Neutral,Positive
همه باید واقع‌گرا باش گوش خوبیه نسب غول LG .,Negative,Positive
CPU ساخ سامسونگ LCD LG Sharp طراح CISCO واقعآ اعتبار وگرنه Map Apple ساخ برا بار آورد حذف کردن ، بعد همه راض مپ استفاده کنه دو روز ۱۰ میلیون بار دانلود نشون میده قدر واقع کدو کمپانی دارن .,Negative,Positive
واسه همینه محصولاتشون رو امک جالب بیرون دادن ..,Neutral,Positive
تن نگران دارندگ کسان مایل خرید گوش عال هستند برطرف شدن .,Positive,Neutral
البته لنز دیگر امکان‌پذیر .,Negative,Positive
جمله شباهت می‌تو بدنه بارز نسبتا بزرگ ، دستگیره بزرگ راح ، پ تنظ مود عکاس ، فلا Pgr-up ، کفشک فلا اکسترنال کل ظاهر جد حرفه اشاره کرد .,Positive,Neutral
بهرحال دوربین تست بعمل نیاد ، نمیشه اعداد ارقا مربوط اعتماد کرد .,Neutral,Negative
مرس د ج کالا باعث میشه کمک انتخابو داشته_باش,Positive,Neutral
ضمن اینکه تبل امک تهیه داک کیبورد صور جداگانه نیز وجود دارد نیز مز دیگر دستگاه شمار می‌آید .,Positive,Neutral
بهتره چه برسه ایفون ۵ لنز isight ۴ s بهتره .,Positive,Neutral
یعن اینکه مقدار خیل اندک نسب لنز مدل پیشین کند شده_اس .,Positive,Negative
دوربین نسب قیمت خیل عالیه انتظار زیاد نباید از دا,Negative,Positive
دوربین مورد نظر خریدار کرده فیلمبردار کیف فقط شارژ باتر اجازه فیلمبردار ز بالا نمیده .,Positive,Negative
میشه بهینه‌ساز سخ افزار نرم‌افزار مصرف رو کاه داد .,Positive,Neutral
بعد استیو iphone مرد دو ساله منتظر اونوق یه گوش می‌زنن هیچ‌چیز خاص نداره .,Negative,Positive
قابل XLOUD موجود رو گوش ، کاربر لذ بیشتر گوش دادن موسیق خواهد_داد .,Positive,Neutral
نظر اندروید ios بالا نیس !,Neutral,Negative
۴ G داره tx نداره .,Positive,Negative
مد نسبتا زیاد طول انجامید درک نمایشگر همراه Live view می‌تواند‌ترکیب بسیار خوب خصوص دوربین مثل ۶۰۰ D باشد کاربر عام‌تر دارد,Negative,Positive
یه ک نگران‌کننده !,Neutral,Negative
صدا طرف مقابل واقعا ب شنیده میشه اصلا جالب نیس گاه خیل کل رو متوجه نم هنوز نتونس به عاد کن شاید دلیل اینه قبلا گوش سون اکسپریا وجه استفاده می‌کرد ، واقعا کیف مکالم عالیه قابله مقایسه هیچ اس نیس .,Negative,Positive
ضمن دلیل عد تجهیز GPS ؛ برآمدگ قسم بالا دوربین دیگر دیده_نمی‌شود .,Neutral,Negative
ترجیح مید صبر کن OPTIMUS G بیاد ، طبق گفته خبرگذار  بسیار سایت اطلاع‌رسان تلفن همراه اپتیموس ج قدرتمند تلفن خواهد_بود ، خب کلاس آیفون ۵ ب هس من صبر می‌کن هر دو گوش بیاد بعد راجع خریدشون نظر بد .,Neutral,Positive
بنچ مارک گوش رو ببینید می‌فهمید گوش خیل آزما galaxy s ۳ وone xو حت one x plus رو جا گذاشته .,Positive,Neutral
مثلا همین دیروز تعداد ۲۰۰ برگ پرین بدون اف کیف گرف .,Positive,Neutral
همه چ خوبه خواهر داره راضیه ول دوربین واقعا ضعیفه,Neutral,Positive
دوس دارید دنیا تلفن همراه لامبورگین داشته_باشید !,Positive,Neutral
گوشه قوس‌دار باعث می‌شوند نسب چیز واقعا هس ک مستطیل شکل نظر بیاید .,Neutral,Positive
مورد دیگه باید بگ Android v ۴ ice اینترن sandwich گوش هس رمشون ۱ Gbباشه زیاد اپد اندروید دق نکنید توصیه می‌کن کسا میخو اپد کنن زیاد خدشون رو دردسر نندازن همین جور ورژن بزارن شانس هس ممکن هس بخوره ممکن هس نکنه اگه یه جستجو cream کننین می‌بینید مشکل زیاد بد نوع گوشی پ امده .,Negative,Positive
حال چنین رزولوشن بالا رو هیچ دوربین کامپکت ندیده_بود .,Positive,Neutral
دوربین مجهز سنسور تصویر ۲ ٫ ۳۷ مگاپیکسل می‌باشد توانا ضبط ویدیو Full HD داده_اس .,Positive,Neutral
خیل سریع بخواه سراغ ویژگی عکاس برو ، نخس سنسور تصویر می‌رس رزولوشن ۱۰ مگاپیکسل ارائه می‌دهد سایز تن ۱ / ۳ اینچ می‌باشد .,Positive,Neutral
اپل فوق‌العاده خوشگلیه کلاس اپل داره هیچ نداره ول فقط اد پول گوشیه میده گوش اصلا حد s ۳ نیس .,Negative,Positive
انرژ دوربین باتر لیتیوم-یون EN-EL ۵ تامین می‌شود هر بار شارژ کامل توانا شارژ ده گرفتن ۲۰۰ عکس دوربین دارد .,Positive,Neutral
) خریدار اکثر زمینه راض نگاه خواهد_دا .,Neutral,Positive
من اولین گوش هوشمند گرف .,Neutral,Positive
پس اینطور نیس بگ گرافیک اون بالاتره .,Neutral,Positive
مدل قبل مشخص سخ افزار پایین مدل ، همواره Benchmark جزو گوشی قدرتمند قرار دا .,Neutral,Positive
دستگاه توانا پرین ، اسکن فکس شبکه دارد می‌تواند عنو ماشین جداگانه فکس کپ نیز عمل کند .,Positive,Neutral
۳ -سوما وقتی‌که میا بزرگ سایت دانلود یعن ( آس دانلود ، دانلود ، میهن دانلود .,Neutral,Negative
اینکه ایراد دیگر جز اون نتونس بگیر .,Neutral,Negative
Region واقع نوع قفل منطقه س باعث می‌شود کنسول بازی محدود قاره منطقه شوند .,Neutral,Negative
یه جد Google Nexus ۷ واقعا موفق عمل کرده خصوص تو قیم .,Negative,Positive
